,0,1
0,2.2647192408418144,2.888016793609057
1,2.8419106863223194,0.4868218269296585
2,3.680952963681116,3.892678612952658
3,3.647206402645903,3.707798560779025
4,4.355077096756655,4.059534938384467
5,-2.8152671419115705,-2.9835914361061087
6,1.2803783136399787,2.4559277755889597
7,2.435809642110273,2.1576347143248746
8,2.6815434627874413,2.2860969347440667
9,2.4087981175354174,2.8538042914073456
10,1.8831274360712433,0.9928412189535201
11,4.078432035768624,1.8137673604605058
12,4.308495984292761,3.572672580899976
13,2.30811101298343,3.8201760311836725
14,-2.6207190798971807,-4.6302425909795675
15,-1.4879271526303128,-4.572766516089469
16,-1.9687276010953394,-3.2251762780703332
17,3.71943124182219,3.243752961826008
18,2.316664359935245,3.391364744073724
19,1.8782866568674639,2.7448172828465927
20,-2.911830199450715,-2.6446382762807015
21,4.7209075302912975,1.7444062189121485
22,2.4956469263719114,3.370040463228766
23,-0.9380351223526251,-6.705353995261104
24,2.3834983614611542,1.4640091662815988
25,4.254727939176037,1.3919536696322592
26,2.939983207244477,3.739140161437867
27,3.5142010875964957,3.6242164933643513
28,2.9833696527382156,3.0816222257429633
29,2.4328761014993834,3.2451834554425383
30,-2.768983031240312,-5.099213911119572
31,-4.222992891248451,-1.947881769465349
32,1.948227626849999,2.393046842931653
33,3.2086880118824106,2.9188603242438496
34,3.512967344485808,3.8407352304799263
35,2.2994739793622743,1.7937287372472361
36,3.06486046656308,2.7047477802356044
37,-2.0420777243820702,-1.9002259331537663
38,2.812642737216752,3.941582999991877
39,2.7714718372229696,3.380772992785809
40,1.7250360203741557,2.080856968780269
41,-4.467146743274693,-3.1084977185860203
42,3.000499989036956,1.1599094830774157
43,3.4009945588869197,3.2939187774179652
44,-6.308341023841507,-7.127449639032898
45,-4.342012344161693,-5.250790977129546
46,3.6110180361725615,1.199894535333497
47,-2.1679686554820776,-0.1948548312985059
48,3.6818247326874554,2.8242529789541146
49,4.182939331853979,2.7546215533930556
50,-5.957424183656222,-0.03701653464375543
51,-4.193200261967368,-3.4628554396557156
52,5.0606997184301274,1.6023147681722885
53,-3.7292518660151837,-5.042101615827571
54,-4.397147948496177,-3.8706966920706134
55,3.270183268731015,3.0653673055331656
56,-3.868290746252382,-1.8161838015257985
57,-2.7935235410979944,-4.71783001299785
58,2.5446485841957025,2.0331654715964773
59,3.5338295335360277,1.2053606948909463
60,-3.479394103587627,-2.2081056296069845
61,3.7545972647151586,3.158378437540776
62,4.228441509591858,2.9897558938374993
63,3.633368030108152,4.089401232577945
64,2.6295715242487816,3.1746878440395903
65,-2.6570157039820383,-2.0689359796259135
66,-3.0236267337945995,-4.0622482692895865
67,-5.399513236664202,-2.0624292029209634
68,-2.9807382818089323,-2.1552491034514913
69,-5.688484495604529,-2.340757105414149
70,-1.552084150848464,-2.810616133388866
71,2.9553748584340234,3.5262139212803874
72,4.3557190754055615,3.714644613961653
73,-2.1523809842439974,-0.6912727082793704
74,3.1463341200943717,3.7281439981481515
75,2.0895352622736243,3.170464727961612
76,-0.6546035611888485,-2.9542833095713537
77,-4.44546986077542,-4.188879068942796
78,2.7964702416398337,3.4738219445612004
79,5.086517200321887,2.5582210554710176
80,4.069740796527617,1.9174253601986129
81,-2.3665768252887545,0.593850826194732
82,2.1786487780263792,4.370202975611281
83,-1.6439583721129631,-5.3192842551373225
84,-2.301553978472131,-0.3122172364987166
85,3.9939999427704596,2.669123485396241
86,-2.976922345726726,-2.8030051894563615
87,-3.789563259393961,-2.652595236800391
88,2.8373246178955047,3.394236057199786
89,-3.783231583892866,-1.5865928217895302
90,2.5833805446828766,2.144893317866923
91,0.6316654407435802,0.060647697688082314
92,-2.583012655910565,-4.243810960102929
93,2.584320018923171,4.809600298168508
94,3.3843445327442834,3.599102511151969
95,3.349665485056092,3.9480678687937285
96,-3.0762974598169115,-1.1164600882517315
97,-3.788951860046367,-2.251297131660928
98,2.681747832989581,4.545892023557611
99,0.31164731874646545,3.539537576289867
100,3.5916894021876353,3.9456758477808287
101,-3.2204124438263078,-3.8009762812851213
102,-2.875340235701347,-0.5518753812453063
103,3.1014082922391526,1.711090565694621
104,-4.031692943101035,-4.544905278547814
105,-5.269534749866596,-2.910953736722496
106,-3.3474779155986454,-0.0280123634819871
107,2.7908014395692673,4.98208398001885
108,-4.120118741353619,-2.892506463167078
109,-0.8471126555905766,-2.859898738031041
110,-2.236028125002792,-5.1139015617258545
111,-6.354259898638086,-3.1155114619605806
112,3.0402861414786746,1.8842646903865716
113,-4.014118360434976,-3.302428157907718
114,-2.9659606033476287,-4.433195332391606
115,-3.442407685515593,-6.14960014076907
116,3.1854384079539395,5.609629254991264
117,4.116999034259806,3.7857079545787804
118,-4.71229802456263,-4.338139972170125
119,2.4178240687393426,2.7597842526280885
120,-3.9140608147272324,-2.8040479313381113
121,-5.122396584914682,-4.957006756379998
122,3.3655610255219583,4.801534108003739
123,-2.357514537870661,-5.0885181437027835
124,-3.847528554355491,-1.6438244568672946
125,-2.1745763973663355,-0.6789429682869557
126,-3.482205335849621,-2.804087488750111
127,-2.266316833193142,-2.1338936010096647
128,3.0766827649330306,4.048965270701271
129,3.2267772137393322,4.350107214768725
130,-5.852476130744523,-1.3454357442367675
131,0.931924664591127,1.8848343675017245
132,-0.15286331878148562,-0.9173527504388654
133,3.209367779834804,3.50992969898983
134,2.4821415754283622,2.2149459669830978
135,4.254656566976449,2.9333309511931183
136,3.070043744850805,2.996297696022311
137,-2.970481601952892,-0.4529515268318227
138,3.9336826815688903,3.3301376861079977
139,2.228699238017203,1.3457549449993713
140,3.912312359926789,2.9808497669456995
141,2.1897653890688837,4.309265309862173
142,-2.000508267344983,-2.6506997901996354
143,2.8812094349498225,4.738791184093666
144,1.1179697855559623,3.258355202494238
145,-4.1990369230237645,-4.888415949385908
146,-1.6255577058332824,-3.881911451283097
147,1.5487073312906072,2.1368904362603436
148,2.40566681747572,3.762098821486748
149,-3.077648067602665,-1.7147198587607482
150,-2.536019689894464,-6.68840090669538
151,4.515915344994851,3.4849381584697112
152,-4.146340410866305,-4.508203604979044
153,2.8944763252584895,2.237208026276378
154,1.4107993042303422,3.1353197061305114
155,3.2561324620853895,2.160426641145982
156,-0.09222836318931238,-4.23070333417378
157,-4.599655648471712,-4.749211741822245
158,4.639888059084261,4.82126860802425
159,-3.2595721002098537,-5.23865120056484
160,2.8653592955437044,2.454532292363457
161,4.77894890263424,0.8733059518199009
162,1.561308460507221,1.203903968248191
163,2.643247503116044,3.0218446865324777
164,-3.6890919047175545,-2.96102616904178
165,-3.1160326559552507,-0.5714880596807483
166,0.5668581793003677,2.1361972948327272
167,-2.714940134047511,-4.090109324616094
168,1.7943092016212927,3.6709156886466445
169,3.8112907545939136,0.6940609009967171
170,4.2108661583253895,2.730197896270465
171,-4.064724832952733,-4.560335495000117
172,-1.395050278393844,-3.879517253255435
173,-0.4550114971740431,-3.0925665992523057
174,-6.525364645508798,-0.8220264413465896
175,4.065438140267563,3.240563524947935
176,5.0992395197347005,2.6201116804958215
177,3.7373883746770256,2.395926017428625
178,-2.9854914534066794,-1.797519900361388
179,-4.052780609854181,-6.504738371451429
180,-1.3755009200421657,-8.582822176681919
181,-4.287347798838287,-2.9699501354173745
182,3.3106657276668496,3.5137779551118635
183,-1.9118659531388773,-2.6616077936602887
184,2.869877274311229,2.6902823447780224
185,2.6100663969695566,3.5632451634031828
186,-2.5045720394467073,-3.0723849688173175
187,3.704653263927791,2.539060303062979
188,-4.635531078497239,-3.7714960608380217
189,-2.5439213954069553,-5.579113869208083
190,-3.131347371004615,-4.584422709042391
191,2.86385160074485,2.7155888325573985
192,-5.772616954322229,0.02919518504902152
193,0.2918106616711791,0.6344412265731632
194,-3.0401646031121508,-0.30314926565220146
195,3.621203203751259,2.9186148881578333
196,-1.4204389654483645,-2.399372014461734
197,0.09644292561163326,-2.65795703388971
198,1.74224611606684,2.900232189333029
199,-3.499233645529027,-5.033662175673101
200,2.5159476547858097,3.9513348428807626
201,2.0220284717623747,2.708308160080143
202,2.601849557442316,2.843616499121895
203,-2.973574531723396,-4.236681572663583
204,-4.324045323983821,-2.526894568509845
205,-4.987132782746114,-2.206826260847173
206,-3.292091217196269,-0.494670274120133
207,2.5075672100832267,3.1995928860925305
208,2.7439124950022116,2.19103715020628
209,-3.707666295916677,-0.32023958817760834
210,-1.6256089157019264,-2.3287032405026458
211,-2.206794661608251,-5.124123612000318
212,1.4733066903854826,2.672790488091752
213,-3.0298668574619323,-5.933283722589463
214,-1.1720243408892472,-5.782984175466697
215,3.209585747203232,2.1549168147269837
216,4.154811071174959,1.7115834948619948
217,-0.9872999410001362,1.9197036666719738
218,4.39354997951868,3.489226701666093
219,3.1821163703496294,3.3191176549601025
220,-0.6125854612207866,-2.292252434320152
221,-1.8122953797281542,-1.0384659431984191
222,0.9278590495707322,2.9777255513088874
223,-1.7026955582307282,-5.949458953538544
224,-4.951537411673447,-0.36546261515931633
225,-3.019586891637655,1.2221458684078517
226,-0.4740554150750267,-3.0015546443591252
227,2.296262585788981,2.8174974584592327
228,2.1631970523904123,2.1201944661691114
229,3.016276379561226,1.177111902862315
230,-3.861734252095768,-1.8386579532357203
231,3.5105079716127094,4.819953021902276
232,4.522622406190438,3.68590011596772
233,-1.936541536606925,-1.6291744461627096
234,-4.711578489120235,-2.3760739999197713
235,-6.512350064806265,-4.684319217333609
236,3.858963516835283,2.9846901479343955
237,3.2665046778716813,2.9268769623247586
238,2.730186244261678,2.766999190324474
239,-2.7670546792373845,0.5271190901402671
240,3.234307896532783,3.2347043378424636
241,-2.3214920870877966,-0.9567267515987803
242,2.40377019125311,-0.4176972146891944
243,-3.447515605007066,0.4247088383036113
244,-3.056965824540983,-0.7493394554266017
245,-1.2763116569500677,0.9024144461493333
246,3.0524075610425956,1.7068729924625639
247,4.13088935213154,3.1612820597811173
248,-3.569268773576508,-1.8999869742671536
249,4.34548284968936,2.48939671189817
250,-3.685017601746928,-7.449927646760724
251,-2.2675468320919245,-0.9040992438611899
252,3.6662539590384555,4.091655713665611
253,2.121639409759406,3.892733270407671
254,-2.3131663655278007,-1.41272462508319
255,-3.601400545611906,-2.541919770665177
256,3.923002003436552,3.377681319100892
257,-2.8087741737341445,-7.393972880010313
258,1.8703171580129303,3.415056959576943
259,2.4060879285883927,2.7843516003692312
260,-0.7950145375297377,-4.783676507025509
261,2.306111062812814,1.9990916875372378
262,2.735122860274727,3.8583431913693267
263,-2.6848598048274965,-4.479194649721713
264,3.558059265606431,4.103514550498038
265,2.0376334096648776,4.960489675445415
266,-2.708133286955856,-2.8815353131412262
267,2.652920180990645,2.9356298611390805
268,-3.167914744551273,-1.1378717025615166
269,-3.2987719062658747,-4.783724296399497
270,4.209737100899087,3.1609715944793644
271,-1.8930208252644134,-0.1210567632731645
272,5.025414461013916,3.47557479834792
273,2.5392716535755215,2.7739744050814545
274,2.7980445901233066,4.223559152711596
275,-1.3839222139384477,-0.1324088713357301
276,-2.7013494770741473,-7.9723322556139165
277,-2.414213718963843,-1.5915414745847665
278,-2.862085897883756,-3.8568939736532544
279,-2.4462133809876274,-1.4861936965163238
280,-3.595836562134736,-1.0622146373754076
281,4.360099086827615,2.1711489613347386
282,-2.691842586048514,-0.42400709981024765
283,-1.714001522399796,1.4725142214813962
284,2.16024180785979,2.560619307531659
285,3.6979233263125666,4.352654726354184
286,-4.552683751560513,-1.2286629028277534
287,5.84921221761847,3.9651263902222897
288,2.659603988015206,4.03634467132675
289,2.091613071815176,3.6490543702794804
290,-1.2628348121240918,0.8381273312558366
291,2.0091090532385456,3.064899672978947
292,-2.8854806075921764,-0.5163443873771878
293,0.5362823616316721,1.7708438981341978
294,3.017055665745872,1.8431526711971122
295,-3.8452360308954807,-4.956686782033652
296,0.28855135088528616,-2.620900338903056
297,3.605711324128749,3.029096032383492
298,-4.2337883670389775,-0.24347186373906382
299,0.9163477442910923,1.196214493824177
300,-4.465515179485488,-8.054342690814396
301,-3.364814176444283,-3.6167722089142766
302,3.2639957690612835,2.967407121487726
303,0.7815009920898177,-1.5985890186947491
304,2.642879298442754,2.896246257530875
305,1.808227949520042,2.080956055097177
306,-3.1749470025396986,-3.4496331176578354
307,-1.6849662172732127,-2.608121879130889
308,-2.758555526448224,-3.3415302508715365
309,-4.858624001446475,0.536886748773238
310,-3.275300172668616,-3.670256948815031
311,-1.0527647466315944,-4.862864205304958
312,4.416481073713552,2.3841194873921543
313,2.4361690053630203,3.1127772926674604
314,4.113493509026487,1.7535223383089342
315,-3.103105008660969,-5.021791718207128
316,-2.4503987548435413,-4.8857543593518455
317,5.102001489892341,3.8219237747694943
318,-3.934655736543757,-3.818190013645154
319,-4.6842852059542945,-0.6082271138140944
320,2.6731157978216213,4.650862726403208
321,4.580642411640456,3.963114306824828
322,-3.889252598326029,-6.565007750091095
323,2.6575951651316516,3.6066766591252097
324,-3.3355951050503956,-0.19457708963438192
325,2.6425527884202475,2.824330637406124
326,-1.3363607889815505,-2.757009601594918
327,-3.125728839316525,-3.315589387192326
328,3.9494790979535623,2.491404056271779
329,4.917185728446698,2.8426471028026046
330,3.304978216504425,2.8353924000642157
331,-2.74344475789515,-7.554420098421141
332,4.081614209592454,3.7747323834759285
333,-1.4116370798180016,-2.604959130835607
334,-2.999003724135994,-1.9910094986658768
335,-3.4752025211296895,-5.518527565135907
336,-6.240843336910123,-0.18640026097246665
337,5.0945083796603585,3.0157727618365726
338,-2.4316800376522383,-5.7312835242826665
339,2.4171548404477896,3.55790557263866
340,-2.832623296652599,-6.914501843922896
341,1.91504352967764,3.7538681631334336
342,-1.9440183514843048,-2.5029093600297307
343,-3.0866164026191383,-2.9714489951275103
344,-1.8637528103890104,-0.8601971003954514
345,-2.106849556583317,-4.907391846447415
346,-1.4031126380393981,-0.7734374202064287
347,2.8463077262461245,3.4563592761734903
348,2.7911135825213016,4.12231596203938
349,1.0515313005385947,3.953264954927338
350,3.862964217764712,2.9832279056639965
351,-2.6470577092173992,-2.6359406633309246
352,-5.543110650092566,-5.517478379579888
353,3.5022261006524937,2.201745160175551
354,2.958852496129359,4.236556868728799
355,2.8274018228573845,3.410575843833552
356,2.3253262591032478,3.0691208207028646
357,2.9835276656435337,5.006633142334348
358,-2.82803349103898,1.545618347975596
359,2.3698426957642686,3.0013447491002125
360,1.8463633138747961,3.190271020328071
361,4.125981200422602,2.346393712549902
362,3.792252113942733,2.228643493559649
363,2.686334545301119,1.9501250547384386
364,-2.3288144965639503,-4.923976342999636
365,2.2442793770513134,2.403078982585079
366,-2.643134312418896,-2.476627682785873
367,3.44293583852148,2.6347586549490014
368,3.8796752201972233,2.534262337240968
369,2.4341284258274642,1.8675182733878062
370,-2.5157089586210963,-2.8582065211734973
371,-1.5990445139796625,-4.1466185963387625
372,-2.9162050206007186,-6.598466019061165
373,-1.8434463211964385,-4.064299836149072
374,2.3361561340041246,2.9720603604900626
375,4.241141932130649,2.339712899117493
376,2.522113874007799,3.279662908768332
377,-3.0456834059286346,-4.0899503311654115
378,3.7959538046403267,3.966227709431485
379,-2.8664813528441195,-4.121891118312803
380,-3.7926964078207632,-2.1465694920697818
381,-1.4000428248074723,-5.171066172053845
382,-3.4143869035900445,-2.566205357764137
383,-3.5672286665241293,-2.950948397690067
384,-3.8268767836375424,-3.2382385803309255
385,-3.2559513457014795,-2.9302691448590776
386,-1.5560857982757443,-5.286535789941624
387,-1.1074379545284645,-0.240348139830576
388,-3.730161440820712,-2.8234760797070058
389,-3.682002851274256,-3.7033283334945453
390,2.3862341508141762,3.9516559868284147
391,3.7311052155665,1.1308827676293045
392,2.250715623919246,1.5290578429092996
393,4.439200684096275,2.7954706589297618
394,2.4689989535093253,3.6923809820941624
395,-3.4697009475511065,-2.660954836880494
396,-2.4582783637087235,-4.004950823197692
397,1.2716028169075213,3.534485251105836
398,-4.131912408709679,-2.5538565452464637
399,-7.452611386523743,-2.509681567249829
400,-5.039296340735103,-8.324279835373098
401,3.3056146429252187,4.287196487702215
402,-2.3643197927696686,-0.12163481281340971
403,3.4698440691728423,3.4306368149625253
404,2.856181640137779,1.6124381508992431
405,3.867311386055163,2.6146711538736516
406,-1.8575550421106626,-3.8480141929318252
407,2.1106328612423932,1.1430411618331222
408,3.5173942318917764,4.82543907502904
409,2.467855426958175,4.049483075723549
410,-1.5969503951148585,-8.344172040774728
411,1.9080581252237783,2.1318520353887465
412,2.404487442022822,2.8788829554783497
413,2.736260123610613,2.5948658384056826
414,3.133467422027195,2.4024280583267603
415,-1.2086708621039315,1.2310436638216693
416,2.2174894686147697,3.550582064984738
417,-3.699935305392991,-3.7824443543266435
418,2.598018922397946,4.004867870431078
419,1.6901006947158137,2.726011933138484
420,-0.7769006967311918,-1.3567542649268205
421,-3.6341925785163856,-5.333568450587325
422,4.408111002048303,2.6391714573991747
423,-2.9787534714389614,-5.036083745973645
424,2.8303463711409846,2.699101962715823
425,-1.9513169015548508,-7.154476574875006
426,-0.2503318086539439,-1.1012352984187364
427,2.6655171610880517,0.685534272870528
428,-1.2966824370524561,-4.633777306702364
429,3.900244312679526,1.802517876089498
430,-3.266920764781704,-4.613608434866718
431,3.208277465118176,2.389934668360179
432,3.678325755431541,2.378443982102585
433,-5.573915285391916,-0.4572554522900303
434,3.433502970274836,5.942767744002936
435,-3.7558605363456916,-5.051792100535986
436,3.822474343359451,3.0868344953035267
437,-2.557816845378848,-5.5294242753521985
438,-2.5406945866784545,-1.8377664882494233
439,-4.846826277898366,-4.560904487013685
440,3.6757932153257302,2.925601664057682
441,2.6518420520145454,2.1267197907301987
442,-2.804596265352734,2.917291023409806
443,-2.8383095504901963,-3.2899622564772293
444,-0.9984508598611201,-3.4922486719507724
445,-2.602907342565528,-3.373811390501357
446,3.421087933306833,2.1605781981760916
447,0.7852392688012966,2.711276966309129
448,1.1559843317893421,4.09019188968796
449,3.6754309266277976,2.126905377303904
450,2.9154898654139076,1.940752425302004
451,-4.439025073843648,-6.029749758334419
452,-2.7295799527203104,-0.07627234567571195
453,-2.4813298589201276,0.13493536236988302
454,3.5454348389563686,2.100662296984276
455,-0.7381590216189071,-1.9999457540952519
456,-3.976042587954405,-4.689567810664138
457,1.033719781840026,-4.776629830732723
458,-3.0258041178287702,-0.9662525400941422
459,2.87604649183972,1.8508263092821349
460,2.3621506385912476,2.3112904103139913
461,3.956825941081296,2.8882133879969403
462,-0.28955114098074075,-5.556622226437344
463,4.244648820115582,1.9431814052611098
464,-2.2006730286247365,-2.248165245227418
465,3.808476801184387,1.964392229354989
466,-4.9373375383523355,-2.439740717576947
467,-2.252667449547682,-2.2524570700416393
468,-3.0350985860922455,-3.5423423950990856
469,-2.887809806496679,-2.654193980207582
470,3.066292206880673,2.126499307060901
471,3.1946169763045464,2.9785223609649383
472,-1.9376818457504892,-3.6501351457251348
473,3.127460812171902,5.330418007185795
474,1.133358071262145,2.4111361250026504
475,-1.7154365972336172,-2.09847489277898
476,-4.503044499918102,-1.2903331394247766
477,3.1224956617343893,3.391472750798899
478,-3.354008943649242,-3.4882667073815803
479,2.3269608963981963,4.262604578094384
480,-4.343598852040541,-2.2484644201289146
481,-3.6506462781873172,-4.249657477797609
482,1.688610301939094,3.0657819379520457
483,-2.919718968939781,-1.5349745242482296
484,-3.3222536246067347,-1.950874493135028
485,-3.6311021278649456,-3.090278170128783
486,-4.586412684455987,-2.8533353841890032
487,-2.0989483931075297,0.7892597852536447
488,1.6409555902722766,4.911328605481293
489,0.9497872743767659,3.352105754965721
490,-2.598361201682823,-2.1683685017648693
491,-3.6097808258497914,-3.149495232767357
492,-2.3383476114420634,-0.6143028442252518
493,-2.9747103280456337,-3.3831912100778374
494,4.279398389584232,2.3756936242883433
495,3.214718396660852,2.810467195665206
496,2.9261658475558185,3.581849125471205
497,-5.8290461853769635,-3.5640017234110584
498,-2.1579512287683977,-2.986353974427882
499,2.2696114250533936,1.8631585786401348
500,4.641584008545796,2.920636121322192
501,1.7294759061281662,3.3017669403888052
502,2.2323342788473948,4.455797096359081
503,2.6098969300124586,4.1712942684779195
504,-1.965605007934143,-2.4635848856690115
505,3.120970799492574,2.399102135200444
506,-5.820526138831118,-1.1658682719081974
507,-3.150812457308419,-0.6329628722393563
508,-1.8541657719043998,-6.952754975630652
509,3.3884384932454967,1.2413668384611072
510,-4.958667464193375,-0.4721041441539553
511,-1.652912905735246,-5.652728782362302
512,-3.292851533978688,-3.418474153240846
513,-4.439779037263536,-3.415261723690838
514,4.445272903115753,1.8015199253442014
515,-3.6780459978628084,-5.649687158998814
516,4.501393658069367,3.3959722201225184
517,2.658074114819117,1.7166465521730485
518,-4.015916418376365,-4.874079702261569
519,2.7647507467636747,2.9439348928010114
520,1.9516409254013691,4.43067619856843
521,1.9199211895711683,2.094474866483994
522,3.408402144490484,3.76059159141067
523,-3.1754414557096795,-1.3429070584153915
524,-3.7216902041454722,-5.629510350438747
525,-1.7446103836880766,-1.8857511871945
526,2.8914566281805505,3.8965168820117677
527,4.078465341231982,2.646818065985452
528,4.061057466502864,3.4790813614648526
529,-1.682757820267221,-5.536291038982146
530,3.525875025045006,2.3257037277624217
531,3.5962400761092,1.4182083360596263
532,-1.769388615371737,-2.742106781030226
533,1.498599066791798,2.629868970943749
534,3.07027119333905,4.005676231699941
535,-2.1158792754809546,-0.25960055357880707
536,-1.1791305160465435,-5.341113012806861
537,-1.3025915361648064,-3.6734528215223303
538,3.0937319281149245,2.3762326039839152
539,3.959154369504505,2.5571809601216526
540,3.232336654061927,2.46159059976086
541,-2.4856539124075394,-4.523848188412315
542,3.794191330547221,3.2673275454653554
543,3.3295285125180096,3.1554325533622896
544,3.0354771521444603,2.747933850902271
545,-2.2548136350297283,-3.195571028508272
546,2.207508207213678,1.5610707595786146
547,3.6262631822323694,2.239499704381443
548,-0.8352955258310968,-6.16587506422295
549,3.7484382349090932,4.320178232849683
550,-4.064543022017851,-2.670128401007225
551,2.125561067115722,4.507329605005025
552,4.397385917661265,3.035617795202274
553,4.364514206759669,4.386989489684897
554,-5.241587438820508,-1.805653684463846
555,-3.677002458600479,-6.515789628636738
556,-3.8849336321594254,0.8859393400426736
557,-1.8464060762596972,-0.22436123362464233
558,-3.299472466646468,-1.706798931125704
559,4.576401762926115,3.543087353096065
560,-4.480349233254919,-3.8181724869822213
561,0.42560383752887,1.6029142970360648
562,-3.242255850790725,-3.524584578790592
563,2.789276391263442,2.970347711195697
564,-2.764288148383571,-2.2888757497416083
565,2.294684905877774,3.800547504551597
566,-2.8393206489172393,-1.7858242675835034
567,-1.923664504322634,-2.298551411039307
568,3.9475340355820037,3.318074799220431
569,1.5066247379200377,3.8733134653700336
570,4.226022341681798,3.887299246201688
571,4.9167206098788805,3.40638827608772
572,-2.3832424571469293,-0.6687883658676088
573,2.7699165572361704,1.6182772611673157
574,-1.1193205311771992,0.48844871223964237
575,1.9022253534644906,3.079650826251473
576,-0.32131453253658604,-3.7515980124251955
577,-4.51039478426044,-4.717001674058418
578,3.376866071832267,4.165125179054173
579,3.2389010376988336,5.428409380386361
580,2.982547914720273,2.9826581253804734
581,2.731204402313285,4.158884862142934
582,-2.872181455133952,-5.23535765000131
583,3.7649265109961427,3.3141397947050626
584,-4.315346795280143,-7.783559670459276
585,2.765555720084756,2.602912297496605
586,-3.3660428098776007,-3.52874431848
587,3.0061157897860635,2.981628590839294
588,6.255877660682411,3.776200956480606
589,-6.324021234770966,-3.745634046931589
590,3.501096202610592,3.120964174000029
591,2.650734820589748,1.7991827409200385
592,-0.9696226435599633,-0.3362397920193718
593,3.02481196933574,1.4270323361253099
594,-3.113475376065622,-0.5968406859536004
595,-2.8233307169144695,-1.6570557230610183
596,-3.3734887039010353,-3.14652668402072
597,-3.776490311912634,-7.155000879977228
598,-4.667154003715668,-2.8194535276571764
599,-1.5848037406096964,-5.652179209372731
600,-2.266504147895135,-2.2505366268664324
601,3.050304099315788,1.861725910578049
602,4.030787960914529,2.751975562514997
603,5.17777311638455,2.4985607547662547
604,2.9537134445211715,2.4336768915397076
605,2.291430759537675,1.9996100094491451
606,3.0786387798673176,2.296920254928358
607,2.370019393444711,3.2340299299923863
608,-1.3047870457834376,-5.372961625029535
609,3.800217620559402,3.6646596788324564
610,-2.3625089283143166,-2.883983835076909
611,4.076866798912993,2.295031398203682
612,-1.01543510078336,-7.207531273271705
613,-5.0176003659457304,-0.7967718268304109
614,-4.600832665450719,-2.807894925943997
615,0.9900001423845324,2.4993597305896653
616,-2.426033594968321,-3.3892898359497834
617,-0.9626194015892451,-5.4052467530596235
618,-2.977999600063695,-2.599163470340283
619,1.950566948356199,2.7918058224161473
620,-2.4868129540497876,-1.9781460772359682
621,2.4624038721713317,2.2971442908092854
622,-0.7125969104983536,-5.040840873121727
623,1.5269008233233163,2.9993887619538637
624,2.537594339132066,3.0161467622000537
625,0.44772766786491713,2.2840852480816114
626,0.9444744199521686,3.39510233924194
627,-2.9012704143205776,-3.5365535367639183
628,3.4874722827406437,2.9693010595330476
629,3.1959778726487227,3.5881189135815217
630,3.470695325338898,2.7228193943133423
631,-3.699400527240967,-3.63577038984119
632,-0.17063235849442915,-0.8804331628461477
633,-2.151699606353754,-1.717891256736568
634,-1.832558154436235,-2.3313163968826847
635,-0.45320809078238344,-7.288891703408681
636,4.300982714525039,2.485298987368709
637,-4.5269800186069356,-5.724572899121926
638,-2.1209303363660594,-4.202014166729062
639,3.48060986725524,2.668088813719802
640,-3.0881792126889147,-1.9784709723777218
641,3.9989078317138103,3.1687021917718323
642,3.440585991826499,3.4462782120175266
643,-2.2502072583881336,-3.95955820898451
644,-2.130342491401932,-2.303490841584944
645,4.003804387410133,3.709546883772961
646,-4.8753024987415206,1.7438390793923624
647,2.5699115837244966,1.1134380374651234
648,-2.218266075514426,-0.7919074943257223
649,0.3426991243941506,-3.0061855544367813
650,1.0873069660361752,2.012401894500612
651,-3.186295011610993,-3.114546812703249
652,-3.9391186687871955,-0.852335795572221
653,3.1093136174037364,1.4543932407642446
654,-4.335763901911546,-1.7191961046274198
655,2.898062656479938,2.615732021120259
656,-2.0604844385454006,-2.5523399835461107
657,4.959174799981197,5.4462725151856946
658,3.8216203747246373,3.2509418654036963
659,4.0317900007451,2.8872314373260592
660,1.8977002628408666,1.4999107348600518
661,4.303816599767802,2.966845381724173
662,-1.4903110658062348,-3.999142955019778
663,-2.5012300265069527,-2.587778524273504
664,-2.504506550933397,-5.810011800364649
665,3.5193313222560603,1.5391958706518807
666,-2.3201519569138536,-3.528757986793526
667,-2.7850923387574738,-3.133783919134353
668,-4.896369399371316,1.4671307867444874
669,3.767602912072924,4.744594496748311
670,1.6576190570885372,3.62143255161201
671,4.6612737043948815,4.065850237292992
672,2.6554287801345193,1.535032006435258
673,-3.1813861400683723,-4.515793610390122
674,4.4972514974614395,1.9440814013958823
675,3.344274250598165,1.026964465927896
676,3.883496007445983,4.46193571763428
677,4.302009526182141,2.3864007979718833
678,3.128268109233059,2.3562671310241754
679,-1.0721707986519822,-1.9237843751963501
680,3.77394984252841,1.9264003488011585
681,1.6283080889119994,3.2365522560705733
682,-3.7327105144875294,-4.537877668423113
683,4.581768974746267,4.233827115381837
684,1.5529936796421882,3.809019008704047
685,3.5618528570998635,3.3805796125885363
686,2.316289568101448,3.2647601241321604
687,2.7952865425645,1.3848088999180315
688,-1.552260627117184,-5.1150545140525345
689,-3.277629372459526,-1.2811849660392005
690,2.1184348244408815,2.3578161946697014
691,2.4404773775039827,2.0159568474146465
692,3.0746014652669578,1.338649274803195
693,2.000426728238744,3.4109927547703682
694,-0.7227481183800735,-4.097634110705332
695,-2.381856928011798,-1.9726211946931982
696,-2.0013226853223647,-5.0777754406586
697,-2.067823702891336,-5.692031018693671
698,-4.699107795297909,-1.0266477964876335
699,-1.325750674004682,-4.7705874665345185
700,-1.8364312482631875,-8.23465999919504
701,3.571636957770335,3.985901794905854
702,-3.7012852916388317,-1.9332121963671691
703,3.7194240548048354,1.5945202931417712
704,-2.7573781198825174,-2.131760395859785
705,1.906801424127453,3.0327731550076544
706,2.853156503923141,4.787182654526419
707,-3.495077409755435,-3.3508940259963422
708,5.33362102060134,2.017747825995353
709,-5.012134344158356,-1.4302488711540846
710,-6.419848740435624,-0.8183905941598142
711,3.304227865639289,1.5597132815883903
712,-5.013553606644791,-6.693437865212507
713,1.1976665576654315,3.2498138648345285
714,2.554315526185383,5.95407677320169
715,2.512667587670406,0.5826353215149545
716,3.4320646623826696,2.1495401060606962
717,-4.690931931562972,-3.2126883494572462
718,-1.531551491999077,-4.672599644185658
719,2.899864073972884,3.083900221117212
720,-1.5575301009895794,-5.304384395321698
721,1.6442340819454089,1.690564225383221
722,-3.9876830847694356,-1.0605798678467988
723,-1.6044093695565695,-7.240016598545031
724,-0.3380308104722074,-4.021182340373514
725,-2.4048562972767153,-5.756704489106189
726,4.002163519663757,2.8821318113525134
727,-4.050966108547819,-5.175693492780683
728,-3.043606774053691,-4.348795722479124
729,-2.755086532941277,1.1683154648147411
730,3.5616753121211975,3.2483222268231855
731,-3.049503295337887,0.503776355620269
732,1.9872750975872953,2.797921009803896
733,1.2264748428215513,2.5851929510336644
734,4.740195883807385,3.4180983355826955
735,-2.817727136933515,-3.3777292039248685
736,-3.2063034357600277,-4.810192951135143
737,2.564467779379796,2.921021557395656
738,0.8959466679556831,2.215515412821728
739,-1.813382977067272,-3.8165343790410633
740,1.6372359056835621,3.84753237846463
741,-2.1979765501492388,0.3778622714336506
742,-5.417093729736287,1.0087611595348207
743,2.274599926104226,3.1500889323561383
744,2.2897989610546423,1.9699970678089551
745,-4.024379183204429,-3.4353529132698437
746,4.072769383342557,3.263414950597911
747,3.2598723497613005,2.086818432709217
748,-4.321056721081449,0.22986521719934938
749,2.601919234304791,2.8193681529764185
750,-3.383742918563045,-4.909103476847265
751,-2.5516658820427875,-0.09683735803724902
752,4.403048727362852,3.699819439297422
753,-3.192841265185848,0.37452429198662074
754,-0.92096146570365,-1.2011096075973202
755,3.3591282468204047,4.079361265212484
756,-2.60529822976372,-4.230736417065926
757,1.7763845135914185,5.130465253301516
758,2.8502673248485504,0.8659575846698737
759,4.719562377083798,3.0167983307545616
760,2.1509862848527255,3.2175758453674352
761,3.063671928773558,2.19026335681796
762,2.7594547836543244,3.3386963837663033
763,-2.127138749840958,-6.501845379344841
764,-2.6920836954835186,-0.5083504002573092
765,-1.5520766796387335,-1.9424111608025691
766,-3.6390864137253747,-3.5922531627989294
767,-1.8751913142000267,1.191612640012429
768,2.709923954761854,3.3118592197226744
769,3.051616671552978,2.763655705760863
770,-0.9183122005677169,1.5000993627348995
771,-4.669045252992753,-3.9352008368898996
772,3.3471229233720052,4.745461159148845
773,1.8805425868894519,2.3282473781202384
774,-1.4948713401109752,-2.9471627363663457
775,2.8098353474189177,-0.02378803431239973
776,-1.4087249299748532,3.6891417288959154
777,1.2353640933982932,3.835903411867583
778,-2.5515676043323756,-3.160687134037024
779,-2.6778862582511738,-2.367936418032408
780,4.129020918372779,1.9374081467737574
781,-4.708643882186907,-5.969186784798316
782,4.190226000712206,3.2484965682609683
783,-4.581447547781716,-6.666229679117092
784,3.364599498263473,2.4462747177011788
785,-1.7067749703589317,-4.674431702347683
786,4.2704252136362015,1.4878214751059704
787,-2.7122652177396445,-2.281168254627986
788,2.5999596381404206,3.032483366003094
789,-3.153434483299772,1.0937249647384837
790,3.3006884433925947,4.566819849013127
791,3.17626905058813,4.413584913719219
792,-3.4998330351612434,-3.6258986621241993
793,3.927444179931127,3.802615278103313
794,2.7238878606079893,2.598462436150913
795,0.023692936204101844,2.184480335885823
796,-3.732150838922248,-4.308855031066477
797,-1.8830514695998333,-3.7267229596625
798,5.994476626458636,3.661425262599354
799,-4.083223007093261,-2.1148975244086246
800,3.5429753808202444,3.670370206128219
801,-2.719716753215553,-3.837389592047479
802,-4.466417196757362,-3.3920528556544483
803,-0.3102414651275063,-5.6994990621584325
804,2.363865363652858,1.7674639043649643
805,0.13082971170681557,-6.558015553672771
806,-5.3227840208060915,-3.400719901221507
807,3.159860579828239,2.952605498619969
808,-2.694484798974268,-4.612971964828871
809,-2.3731318542870294,-3.521601039172297
810,-2.9145547506514404,-0.8727018714826329
811,3.413822980595725,3.423544762222938
812,2.44121154087951,3.3176089905892234
813,-4.617243901512312,-2.7120973333657403
814,-5.115362656195092,-3.2038467385867895
815,-2.5344862162512625,-5.301133982989704
816,-2.2023185329723622,-6.071587306792279
817,2.1425694981905794,2.462496426980069
818,-3.6587457743520533,0.16356445002398434
819,4.682478715496988,3.2466072587645556
820,1.7764658898240755,1.9226998317050537
821,-2.0141843624228195,-4.124110604843497
822,4.095556357227979,3.3746010314802497
823,-0.7022763378827093,-1.2916483314543215
824,-3.7885075339579988,-4.866214820311232
825,2.523420844811625,2.635649281752731
826,-1.3487096384012212,-6.9238975282107855
827,-0.5319272717969077,-2.417607049556408
828,-1.0539880487476727,-4.736645602156995
829,5.180278889081965,1.7438906943710724
830,-1.4374047502277376,-3.3675340268285003
831,-3.980462387797912,-4.874621422283822
832,-3.119582302091814,-2.690229855491495
833,-3.2206919120203765,-2.6128649411743834
834,2.0746319618028592,3.2567957335956583
835,1.8660791779988917,2.8297015452281875
836,-2.8506157745173892,-2.3952938140835216
837,-2.4504431402649303,-5.374469404339326
838,4.1662967972064475,3.52227246223254
839,-4.59536226745374,-4.629578512244191
840,-2.6851918459894835,-4.979852386441108
841,4.880951137272652,2.8969995992895985
842,-1.3537191312599504,-2.6001401894173033
843,5.393800648059833,5.241444399987927
844,2.671313945309333,2.6167222198156384
845,3.60008398340724,2.5854898034451854
846,-4.0327452042787755,-6.742308465109214
847,3.6567195239484818,3.3569925215192913
848,2.8930175584271063,4.074078887704681
849,-5.930103290309914,-3.6555921832270784
850,1.9489777294606292,2.4239326830090446
851,-4.129833364197429,-3.540955875921696
852,3.004757337645574,3.125288853696785
853,3.1175635551225818,4.651335170549272
854,-0.5828775199768894,-1.993015378463006
855,-4.818913555307941,-6.052643044715397
856,2.204893271520146,1.868569910706706
857,2.0369713346640927,2.9445458652336414
858,-2.1638425340021614,-1.5513078269841203
859,-3.5093667457697455,-2.9894743891892572
860,-3.452740406643848,-2.442220448057334
861,2.244094941740773,2.466317787475985
862,3.4891947649677313,3.272177081009776
863,3.0321675110471418,0.961678789215731
864,-3.148843122960083,-0.3299955608420926
865,-4.067145665695872,-2.498185902396425
866,2.927899742866043,3.568906402142825
867,-4.953863077598302,-2.5508326449854364
868,4.233513080686533,3.469929116715389
869,-2.294826365487913,-2.6342361140329897
870,3.971946750556081,3.5694171506657764
871,-1.7151628168069044,-3.146988295558193
872,0.38190268125185245,-3.9539980013373253
873,4.180124584524953,3.963317650372587
874,-3.865375856629095,-4.607941022196305
875,-1.6883467223085449,-0.37476134160347563
876,-3.628959837566336,0.42542797932479104
877,-1.9339801563819021,-4.5335040326972
878,-4.62100764606006,-6.748113936464979
879,-1.7141570839154143,-2.9825610625986165
880,-0.2855216739274442,-1.5651015426158024
881,1.9560256264189935,2.5263368786855103
882,4.517551307273373,2.1100059056729186
883,4.384143084927877,4.8476711075727685
884,-3.1787527095527848,3.6187380969678005
885,2.6641927507744305,3.4548953040583235
886,-2.454561498079769,-7.82227853982073
887,2.8833649682369127,3.479511620514958
888,-2.628530600763267,-3.5540191567026858
889,-2.6879563740207892,-5.421288942138249
890,2.202611666377903,2.8990498430719507
891,2.4733636291922134,3.473857872966188
892,2.9834633335245067,3.0140528846161954
893,-2.580498825412847,-2.403753118194327
894,3.6670820762979206,2.9714303631337993
895,0.9466298439239371,2.4803412266616562
896,-3.6625327525387252,-3.4607521321165176
897,-0.850698287370188,-0.7564629720507341
898,-4.150536713966066,-1.0605103364166124
899,3.6627661453046763,4.453866214529221
900,-3.0053103787981645,-4.804339615712437
901,-2.9482007660133034,-2.3134873810500904
902,3.312131493745577,1.1115515526496684
903,1.5976011894623912,2.294501058894061
904,2.478610080377437,2.747060597843597
905,-3.1625064201864452,-5.460450635971194
906,-3.5610615029430153,-1.9511355494251794
907,-3.141525995843845,-4.487171197881455
908,4.3249984550050895,3.1680903257378903
909,-3.0546341674901996,-3.8255917043019374
910,-5.398856858406893,-3.8150358334662693
911,-4.534689186954788,-4.75500069868598
912,-2.250637008507245,-3.193024597496801
913,-1.3388156320624294,-4.346938857296287
914,2.5076720155957686,2.772602798141733
915,-2.967601990810168,-2.163095532694274
916,-4.582498558376068,-0.827847150664613
917,-3.5551994232762683,-3.0703103099242925
918,3.0289731211188355,2.7228553670495534
919,3.2435232114579464,3.2228732241683913
920,-1.528831481146276,-2.213289741250497
921,3.2320127524218885,3.134256538673076
922,-3.0613290815948857,-5.079501449179128
923,2.3992849251479695,3.2675962347316654
924,4.01157096608196,3.6153017711139492
925,0.7231464372616037,1.4229274405067776
926,2.4529577522128196,3.734682893611598
927,4.748637473965786,2.8620356063453887
928,-2.525860585154326,-4.372636739480444
929,-3.295567988098691,-0.8974800579283824
930,3.3675168534078224,3.0313795247278756
931,3.3832247975608727,1.5867285326981957
932,2.6569834524801554,1.2628763683411233
933,-3.5376891927482284,-1.6333986294128706
934,2.3969014586095803,2.707836316138167
935,-3.123526816325644,-1.4863987914642587
936,-3.180965083016354,-4.105526970367002
937,2.369366997163447,3.4305678884701334
938,-2.5491272639318963,-0.6570650716847739
939,2.844213145617552,3.673686311358237
940,-3.503052174100039,-7.4030448060541465
941,-3.584221927255602,-0.7337115394331031
942,1.4630916089992683,2.3810531771890595
943,-1.161140533602139,1.818594556136282
944,3.477231732899484,3.726657994454419
945,-2.1038552316185015,-0.30199082289694035
946,-4.5009227670291505,-1.357096946688569
947,-3.0397530665305026,-1.9791842455440405
948,-2.776402184040584,-3.0330409798705933
949,2.3092764699559303,2.9622277203493397
950,3.7214886761000097,3.05726737139595
951,3.809556431034797,2.0779847801411635
952,-4.416627471621006,0.9918945944956734
953,-3.886797160656471,0.5841517351627163
954,3.00400612812983,4.308137017559414
955,1.344886090820877,5.026908455554906
956,-5.473104392185421,-3.9226717683957824
957,3.707052478118029,5.266745938923625
958,3.9800547599241236,3.734295595874157
959,3.1473237483495033,3.757183130076782
960,-6.07930196774935,-2.1866664298857525
961,2.473094661036468,3.7087920307005917
962,2.4398726463199645,4.087858759183236
963,0.4108751104929662,2.568104658670115
964,-2.9241032535941907,-6.898316197858016
965,3.197527421289556,5.2573345183169025
966,-4.328279672154277,-0.4969913760945004
967,-4.322102787536274,0.00332907510271907
968,-3.7525912045423797,-5.719718523716594
969,1.8668694883506864,3.2602391191932836
970,-4.4484952596735745,-4.188956465664656
971,3.53734350542961,2.514855991907885
972,2.1699422861625766,4.2539085889532835
973,3.7680344167269366,3.784702618665965
974,3.927371581776618,2.8094563143799003
975,4.872110896473577,3.32884487892529
976,1.7490007073980522,2.5322874704226934
977,2.6193739772369655,2.830554723115434
978,-5.533037590149476,-3.714341143189303
979,-3.7869267165802247,-2.8536343748661746
980,-4.011368469976792,-2.5266640436948853
981,3.1587453991800647,3.333955618709067
982,2.204585434200383,4.30288507363007
983,-2.8033288113708323,-5.105529831163794
984,-2.2768308630491045,0.08847778888483848
985,-4.977947482630426,-1.8045316793808446
986,-4.591003871559927,-6.191924298563993
987,3.6915218955752858,1.3620904212514702
988,-3.851167692015592,0.3340446813401008
989,-1.548345294643485,-2.443336042962328
990,-3.3676851851364082,-7.584857251220611
991,-3.651991204749672,-2.720448141179231
992,-3.2818502900730806,-6.735347825783391
993,1.4327052975895023,5.893169706885544
994,-2.5508855624046483,0.5869772903626309
995,1.8765647645811032,1.7666929792935195
996,-2.805267114605198,-1.6278903101473163
997,5.367186424793666,2.170904757449176
998,4.814823895574437,1.0801752521531878
999,1.821712176400967,2.882776881998628
