X1,X2,Label
-4.583577464218208,-1.4269848479246459,1.0
3.0979687198055386,1.913526724564965,0.0
3.8543937149030385,2.4247224704654657,0.0
1.5492047758310175,3.363751872242349,0.0
-1.185095092815176,-3.0347749977793845,1.0
-2.1688316733379978,-2.2490572524560224,1.0
3.0212107882549106,2.4754634727663634,0.0
3.9376372302270193,0.8288259686897073,0.0
-5.580538615291351,-6.813509951501551,1.0
3.9174032131554064,3.6328103102593676,0.0
-5.398979633763309,-2.712661829904375,1.0
4.952195346600405,2.6207337706187097,0.0
-4.3817353208392245,-5.267274026477372,1.0
4.394379122587954,2.5793440416583584,0.0
3.5667512888641997,4.977311697751684,0.0
3.447487282677465,4.926434059022502,0.0
-1.187614038894588,-7.757085131087805,1.0
-4.325488442713743,-2.9064336934546735,1.0
5.293069124343906,2.2435396197538418,0.0
-1.6834399931862587,-3.307884018742737,1.0
2.6404635991608423,2.0186943288381856,0.0
-2.696926806356415,-6.10586248027802,1.0
2.568486531589386,1.5866835353490658,0.0
4.485075700222377,4.35257910853023,0.0
2.924155295346197,5.216540228050078,0.0
4.356355905388997,3.0346839044873146,0.0
4.6654399050452495,3.572741554737068,0.0
-1.6279686007522782,0.20951979243054142,1.0
1.035952030825831,2.6642882906869296,0.0
-1.2080080222676035,-7.715154616908678,1.0
1.1941980070589475,3.443300765573074,0.0
3.325831162770046,4.850135269575295,0.0
1.1559424492889077,3.3652670089630474,0.0
3.241473430301944,2.2955883992974684,0.0
-2.9159424531279408,-7.103050672091612,1.0
0.7408602566145475,-3.296948023180299,1.0
-5.121327198924071,-1.0285678409166361,1.0
3.6045518475112575,2.4813925429864696,0.0
3.761662367484776,3.5339239529223354,0.0
2.8047772397564197,2.6839266857965316,0.0
-3.6062359943780797,-4.235371079460349,1.0
-3.357223125566578,-0.8094519472148352,1.0
-3.6566805608582937,-0.21896437184953,1.0
-3.842866678914107,-3.5367130996431895,1.0
2.788211770734765,2.823127836853693,0.0
3.225873694770016,3.5113223363992283,0.0
-3.266421650882321,-2.314174138043403,1.0
-4.066075359303664,-6.433657375052942,1.0
-3.543792431283162,-4.005119585455007,1.0
2.83234510278759,3.7098960963178875,0.0
-2.656446947928268,-3.155259622653008,1.0
2.140546593868303,2.736688720087354,0.0
1.6174158894490853,2.617514844171503,0.0
-1.6462301468421414,1.0763029620746716,1.0
-3.8514127210848415,-4.723563940102674,1.0
2.5528789434894197,4.562811353211801,0.0
-1.5590318457722303,1.4764227743024403,1.0
2.0587493201321734,3.5277687484598714,0.0
2.280670794367312,2.401366982254687,0.0
-1.2496650202434711,-0.5628679773042151,1.0
3.9845033273786106,2.575118742969192,0.0
1.8897774422986842,3.736093568186143,0.0
4.376542764584545,2.860652195142245,0.0
4.725315014547267,2.830190628204073,0.0
4.458794236395975,3.7071751851113404,0.0
3.0326062822448083,4.097272466794159,0.0
-3.4701669349445026,-5.814723845739168,1.0
-4.2434231542068925,-3.693283682111651,1.0
2.7226973797093907,1.691539226963553,0.0
-3.185923867552533,-5.0340606872494424,1.0
-2.2488664969423873,-0.5815728654507861,1.0
-3.3932724152678766,-2.6903721480539096,1.0
3.242578165599399,4.014741990280891,0.0
2.6744002150798742,4.178221162176709,0.0
0.3885110800157614,1.8169502158902755,0.0
-3.3029138985264312,-5.3552147698577794,1.0
-2.8558474234793545,-0.974091329749275,1.0
1.8491751741764484,4.169413224642152,0.0
3.7704700676507716,4.061401400436248,0.0
5.251500051213936,2.7001140251739217,0.0
-2.0939852331083695,-4.378621839346033,1.0
2.4748354387403375,3.6763707689255973,0.0
-2.533321989418977,1.926071756891928,1.0
-2.0228500998445744,-3.1979035300338827,1.0
1.947301205942597,3.291530868996578,0.0
2.618286415663717,3.607557081136007,0.0
-5.37029478353451,-3.386649375448556,1.0
0.9151461890897807,3.0087422267814277,0.0
1.1401590380328954,3.229350351838647,0.0
-3.090477607489235,-3.71341898297081,1.0
-1.4956677963468803,-5.935775037635663,1.0
2.669958875133506,2.643351406387375,0.0
1.1848372379396073,3.517010716952642,0.0
-3.477138795105731,-3.071583297692804,1.0
-0.7460846954320477,-2.2304272774822835,1.0
1.4653617470996299,1.2853882829306833,0.0
1.641288907007903,2.561229269051178,0.0
-2.148954688227243,-3.3082029011798015,1.0
-1.7211307994210612,-3.7100762746533555,1.0
1.3116212397860405,2.8703771563757905,0.0
3.9114984718485077,6.408757964349439,0.0
3.2140384986036725,3.0035937626236735,0.0
-4.0180947179148525,-0.3721444693299354,1.0
-2.101341517287157,-0.8766544418311306,1.0
0.7717091024091656,3.3904522800946144,0.0
-4.9597926756364075,-1.7238865394293257,1.0
-4.304140088894747,-5.068493378156063,1.0
3.5090684935764664,4.311730302093171,0.0
4.416679580489888,3.382667982241991,0.0
-2.712474270739478,-2.346077865905269,1.0
-1.9834966524078081,-2.5145540879504598,1.0
2.76403137500783,4.156718608109079,0.0
3.2995366910229498,2.551403194072843,0.0
5.155606746857863,2.1397020996919425,0.0
-1.0088417880007188,-2.522010518822875,1.0
3.8330731855349693,2.253995763082469,0.0
-3.939717062054884,-1.5075032530528427,1.0
-3.7573102602331034,-0.5435395921184045,1.0
2.4275648681258835,2.269933564837228,0.0
-2.4894454769551118,-3.02733306182799,1.0
-2.789684939445494,-2.869725017813301,1.0
3.959109921432082,4.530364880076537,0.0
-2.1757773674136773,-2.199290795178488,1.0
3.7891524337936504,2.9403150295198883,0.0
3.654738400898279,2.854541005505134,0.0
2.2625993334116536,3.4145881561929547,0.0
-3.394255731462493,-5.355092042870631,1.0
3.933315110858531,3.5333752744623834,0.0
3.403661368649621,3.4244707052329915,0.0
5.094637730046287,4.006302786503444,0.0
-0.9471827570234352,-3.6031495588069262,1.0
3.6598951570333584,1.1172402430043187,0.0
3.1990715892069255,3.969283027451821,0.0
3.45211334534758,3.248037538121052,0.0
-5.620542706371788,-2.468737949074007,1.0
2.363837659798823,2.6557389868889754,0.0
-3.2381031158501394,-7.482522734165451,1.0
-3.5730143543082242,-0.2905757646591871,1.0
-3.912857586453278,-6.719956630589994,1.0
-2.465671558587919,-6.427360808073699,1.0
1.6389406443495131,4.001086961503706,0.0
-3.0883853229585445,-0.772885466673296,1.0
-0.9262816588952685,-6.203083195245334,1.0
2.5933521555306696,1.5955951331295477,0.0
3.578348158209158,2.0365449616617446,0.0
-3.1728098972076872,-0.9505430870493203,1.0
3.8601370473627474,3.894091371866771,0.0
3.6300020861817712,4.560674240523913,0.0
1.7503369491792926,4.265044507819248,0.0
-4.254333236675944,-4.266432301837162,1.0
-2.63586157259134,-6.665405357493002,1.0
-3.2414841843168074,-4.042154812684046,1.0
-2.184635776617891,-2.7126385233802295,1.0
1.2485505501806216,2.5459152147452397,0.0
-3.3164333468368756,-6.09941816459047,1.0
-3.936705957171461,-3.2321644142238086,1.0
-0.30484678315097513,-4.750700721959345,1.0
4.011391027051971,4.648215649676907,0.0
4.792457107153097,3.670653756851328,0.0
0.9425711076761027,4.209723090708491,0.0
-3.754372256944707,0.601353767439555,1.0
1.8823262546252262,3.3484449850434688,0.0
-1.1726397099419823,1.161785435808084,1.0
3.0750031798581947,2.821062825538618,0.0
-2.7977593340578135,-2.6659354967149795,1.0
-2.438000698661578,-3.610239495244748,1.0
-5.82955324612436,-4.3264606562624675,1.0
3.2970355999406076,3.297546643762499,0.0
3.1434214689772406,1.9211902040081192,0.0
-2.803219339784898,-2.081713284084418,1.0
-1.6128280698047763,-4.5718127133165005,1.0
-1.4791055303988472,-3.308072763253929,1.0
-3.9148250593088068,-6.764424194190976,1.0
1.8477980876182496,2.5726846160393406,0.0
-4.527456912831577,-2.8246701515071515,1.0
4.078229942675766,1.9616797871621758,0.0
3.0346826038723584,3.9852601056945893,0.0
-1.3707204572361136,-2.354323861031656,1.0
-3.1884335093498457,-4.221850532577705,1.0
3.6265221503740084,2.9669432277025325,0.0
-3.2191968414335363,-1.3298415939116097,1.0
-1.2605223972783202,-3.6747871558990832,1.0
-2.2120705803277074,0.5964353909995719,1.0
3.3122762742942458,1.9712727158423127,0.0
3.786923739588554,2.5172661841634545,0.0
-5.194636031922652,-0.10634518897180767,1.0
-2.711388345128444,-0.7598624913518974,1.0
3.712164067978176,1.6371578189952152,0.0
-2.427649341865304,-3.590761486732942,1.0
-4.911684533886975,-2.8396546324968313,1.0
-3.984423410792126,-4.636761176602219,1.0
2.9414911347500134,3.8798255580210372,0.0
0.03861334231045355,-1.2331885448809006,1.0
2.767039540097643,3.6361736920043173,0.0
-2.245688877439089,-3.0499583548573113,1.0
-4.151185859412257,-3.8155404663775587,1.0
4.925643244238438,3.415042650732253,0.0
3.423005779155734,2.7590683314069064,0.0
-4.008888826016495,-4.260174110215623,1.0
2.0049857890213594,2.5747827367140084,0.0
-1.9129145364201356,-5.011703014256217,1.0
-2.8320024348419013,-3.4266658557265943,1.0
2.7686428699278447,0.8048180411833976,0.0
0.991085537642614,4.102911881737476,0.0
2.093299503064137,4.38202411141423,0.0
-1.1433619743660965,-0.030904157071274696,1.0
-3.480273942403933,-3.272179299532848,1.0
-1.2608021902868622,-1.445289825533443,1.0
2.8804650661682367,3.2315754909243677,0.0
-3.671107359072493,-1.634150483843078,1.0
-2.6805199232521053,-4.757812673699644,1.0
-4.77325593875627,-3.345165008486624,1.0
-3.0559293393014517,-4.9039686729091905,1.0
2.2441968390266087,4.296983888853401,0.0
4.659905002795812,2.8541902542928272,0.0
-1.1302740424592155,-4.8096369822990805,1.0
-4.208897844188929,0.8591616682950747,1.0
2.9055490801101325,2.7691569748901164,0.0
1.446365756973853,2.534498537296761,0.0
-3.1533850803058354,-2.8025274163210856,1.0
-3.868210063587921,-2.395036558475863,1.0
4.553192188051263,3.8812817705800713,0.0
2.754158923476946,2.2097211825973733,0.0
-1.2885049729114795,-4.114937609010615,1.0
3.620365760007471,3.8756232808562254,0.0
2.383121498278367,2.7600063514694884,0.0
-3.759284454100265,-4.720999013522352,1.0
3.3489464014879022,3.2459214542559627,0.0
-5.040273504817584,-2.697159941386397,1.0
2.8951394746304127,5.388553773633023,0.0
-3.9055718506174255,0.38669419257226734,1.0
-2.2694655198117513,-1.7353565155663198,1.0
3.0208663476776287,1.3957494434417261,0.0
-2.560772212482669,-1.1850904739666073,1.0
-4.132768875413564,-6.506279946138376,1.0
1.0921764244687677,1.7317568789124427,0.0
-2.492604977054746,-1.9028674941027122,1.0
-3.060352789767445,-4.366567417321031,1.0
0.3282715922395112,-5.289256312113777,1.0
2.5936175652937647,3.0858093805376363,0.0
3.010729411513894,1.9079467471343985,0.0
-0.586739097772679,-5.411131229720799,1.0
-4.33741895653999,-2.881249423735454,1.0
-0.4769001059492868,2.41305256654421,0.0
-2.754319531254756,0.9605211968774667,1.0
1.5099345503293349,4.316678841594087,0.0
-4.176643041290413,-6.0753939212956185,1.0
1.623181519971463,2.5872895053598075,0.0
-5.8734891117867,0.19517774105062902,1.0
3.2535597990430465,1.9923410132990345,0.0
4.1381012896995255,2.8187691429456097,0.0
4.243001168444424,2.1326299845289576,0.0
2.9125788026015798,3.0239364489413485,0.0
3.41254364297121,2.114598713841492,0.0
2.2220709367071843,3.878814139353513,0.0
5.032662879105805,2.5292880778950035,0.0
-2.5095394932042883,0.7722860277008405,1.0
2.758010063070341,3.3898039497061188,0.0
2.8776235486169743,2.419161327532594,0.0
-3.932927507337251,-1.3865828573463232,1.0
2.130842373458845,3.6322276076992885,0.0
-0.49689920322701564,-4.460022199566271,1.0
-2.573992062113465,-7.037576575004603,1.0
3.3234018541118777,4.164132583176831,0.0
2.930855710112707,2.5696523035985965,0.0
3.1241195730333926,3.665932048928866,0.0
-3.847467040426647,0.2081437720815562,1.0
3.206951330130476,5.109165299157541,0.0
-4.655915615982133,-1.626080161858205,1.0
-3.7002721756990393,-3.5566288573373406,1.0
-3.6553638563023374,0.27489136008523607,1.0
3.7066094600429675,2.575274367313515,0.0
-0.8865949998435259,-5.535840413555958,1.0
-4.7175085182955145,-3.177254786144217,1.0
1.4187289921416029,1.834551959538572,0.0
-2.0706275686726467,-6.353615121781873,1.0
1.6998519998375279,2.926543583955975,0.0
-3.5913458832060368,-0.6002572411455516,1.0
2.33972700195379,4.775748848489109,0.0
-2.625424160203192,-2.7539711525112076,1.0
2.4410171113802424,3.8981034626563136,0.0
0.12165116367639195,-7.6353063894889095,1.0
2.960854823608092,2.8945269313313045,0.0
-1.7978228631205107,-4.539291431085947,1.0
4.017290451621909,2.278432004772231,0.0
-4.9505092646767475,-3.3773812937547185,1.0
3.9052189992334805,3.1654833906686433,0.0
3.6199645167075616,2.335716329466843,0.0
-3.3863194146515987,-4.2710648034758485,1.0
3.384451419671225,2.84029904017905,0.0
-1.3954644130232774,-3.3494190924309666,1.0
-3.719192384608848,-0.8659242929485096,1.0
-2.9549200325350133,-0.9677158991521755,1.0
2.108907425436279,2.897696377012242,0.0
1.9540152409999412,3.1988733738274586,0.0
-3.5634056670069456,-2.8715849833955533,1.0
-3.821702670754278,-4.836573010675904,1.0
-2.93100630895106,-3.386148792265769,1.0
-2.409092351734673,-0.9494523218066555,1.0
3.863572223381975,3.9851770510418927,0.0
3.1418366022210624,2.571571978402366,0.0
-4.150793277622687,-1.9054987085563555,1.0
4.820609983149941,3.246645386971026,0.0
2.3580695793154196,2.368843979099135,0.0
3.829394311393767,2.3595371514123666,0.0
4.782311406176294,2.5746309592645336,0.0
-4.578904878998176,-1.3369215212258938,1.0
0.04483533857180522,-2.379823805290638,1.0
2.1137121849014964,1.3641723745519128,0.0
3.2640592458227933,2.6129820946911013,0.0
-6.151302604032216,-3.6302570361768884,1.0
-3.6208083621144933,-3.0050869037694135,1.0
-5.550224922498231,-2.1886776259174705,1.0
-3.2682851629562504,0.24482566531621286,1.0
-5.998546255912877,-2.623440487537356,1.0
2.0596436515889187,3.048730311153148,0.0
-3.949276243647743,-1.4452279770216223,1.0
5.13743980194307,3.313649559346333,0.0
3.8798022026474417,1.0386018119156735,0.0
2.9791885403329896,3.39879584278996,0.0
4.706326873920398,3.1281288088474817,0.0
-1.3871237508683487,-4.58735250292845,1.0
-2.0745850455577304,-4.024167321753538,1.0
-4.473709278866957,0.7317950199697254,1.0
2.299172864560296,2.1551417188363606,0.0
-2.457722840508125,-0.9045730170238304,1.0
-2.768622965513287,0.12025719836977666,1.0
3.111579656336355,2.6507026840596737,0.0
-2.861428411621996,-2.853845497582249,1.0
3.751553805751194,4.622220523396148,0.0
3.5781347850243184,4.251921121745093,0.0
3.11611910586254,3.80826027984389,0.0
-3.716139721611152,-4.9940417924475025,1.0
2.9768687364679223,4.21554557678989,0.0
2.858878941961323,2.4157713830852634,0.0
4.07390753431952,2.2664906289451263,0.0
-1.0356699253727832,-5.180224200198344,1.0
-2.568727633090811,-4.242238621265762,1.0
3.4432695220933596,4.389638116865596,0.0
2.371529063616838,2.65033540176473,0.0
3.282920062996585,2.665382428525017,0.0
-3.737095152499616,-3.049813600835755,1.0
2.196656786249898,1.858118186731973,0.0
2.738571607157511,3.2853537733056717,0.0
-2.695915061735311,-1.9998628327461354,1.0
3.259348013027687,1.950649570151979,0.0
2.870808489039424,2.830656313358982,0.0
-4.090638658804472,-7.681571145767799,1.0
-4.640766522609917,-5.41719034078689,1.0
1.6455110452469501,3.226073357128788,0.0
-4.290882145569177,-4.014659762024836,1.0
-4.46448648630507,-0.66183085204037,1.0
-0.6410225569035144,-5.367555050060419,1.0
-0.6732826309664364,-8.117964229916234,1.0
-3.584679399953265,-7.5468407784879,1.0
-1.547110481603885,0.9196576360929742,1.0
-3.5911161575185373,-3.713024385951154,1.0
1.6567087943879413,2.759971738556527,0.0
-2.8149939128875268,1.7297947167260332,1.0
-1.2710489764555737,0.2975958760179003,1.0
-1.651659496518765,-5.630210055844591,1.0
-3.197774000197545,1.8259834330687124,1.0
2.4374764788297334,3.2334886598271204,0.0
-3.5994622444899202,-9.400691927949826,1.0
1.507804698597294,2.1155342358032794,0.0
3.437808012384261,3.209564174155552,0.0
3.162718825796422,3.3255834389609085,0.0
1.6500839866972745,2.965613545512067,0.0
3.4706260033387983,2.4868962930793006,0.0
-3.9224671335274053,-2.441014343907856,1.0
-2.838436748994685,-5.148116970995646,1.0
-3.3470336031096917,-1.4172872965480898,1.0
1.5129278809928979,1.66061108998311,0.0
-3.373165208002757,-2.9949209990958052,1.0
-2.7298771881937602,0.3440819006186886,1.0
2.757178057563035,1.9439622747765655,0.0
5.299473808771636,2.8363902023057994,0.0
-1.6601379943908747,-6.839546753661036,1.0
-5.893898696623908,-4.457978398832931,1.0
-2.054913947675084,-3.0942932274326624,1.0
-2.66186431532935,-6.713805947879954,1.0
-3.0450515149320627,-4.703665420584362,1.0
-3.0461015860582985,-7.9306933784957385,1.0
2.019379057766317,3.6258413258714066,0.0
-4.155050249527216,-4.6141637902081145,1.0
-3.8430310570940867,-1.6465786662415385,1.0
-1.8264187616331058,-5.33109666725961,1.0
3.3181183636609592,0.6263212672057015,0.0
-4.15765922522073,-3.2841069166443795,1.0
-2.8387142247675063,-2.6789438226201727,1.0
-1.7185878411335942,-3.900374848038221,1.0
2.1022785983275973,0.5396334807820238,0.0
2.8201501837342415,5.664315707166164,0.0
-3.1598663270374776,-1.720666025176199,1.0
2.1059118739050176,4.449844010358568,0.0
-1.4065173194147182,-0.08629399568474883,1.0
-2.8297728673768274,-0.29400512644160415,1.0
3.3727078911401716,3.1396182430129356,0.0
0.5966198400049771,2.4844133567059092,0.0
-2.9034408786902905,-2.20648970562061,1.0
3.7913890492758187,2.849140798610204,0.0
-1.4405557210484439,-3.3825550457541613,1.0
-4.392407899012776,-1.9809534374400806,1.0
1.9753043424176544,2.463383034924045,0.0
0.40596723795232004,-4.733856698727009,1.0
-2.5541122946187946,-1.2147023770975307,1.0
0.4831740503259252,4.918200182462128,0.0
-4.529726120784771,-0.9239456077368082,1.0
3.4988121125393534,1.3896466464031352,0.0
2.504385030083636,1.800427464953835,0.0
-3.001094834131217,0.5138004641358038,1.0
-5.695098420012517,-3.6652937320895576,1.0
-3.9087654377062195,-0.005215855903935029,1.0
2.9714368758410443,2.596587086889181,0.0
-1.7607074693603286,-2.622200893145913,1.0
-3.1496321079372303,-2.721749400518837,1.0
3.567711261913294,3.7094346290013624,0.0
-2.6468290415816913,-2.3629826108628817,1.0
3.1942768643096238,3.228011944993437,0.0
-3.244949674130199,-10.213295714994754,1.0
-4.831178315871677,-2.7250713472627552,1.0
-2.7036826636061635,-3.057966944079384,1.0
5.085175866756332,1.0872704327199825,0.0
-2.8913236290514117,-0.644503130719313,1.0
-0.26575869744464553,-4.367365590265533,1.0
-5.530890351601552,-1.9202883070684968,1.0
4.052075377183482,2.816957370103591,0.0
-4.286738239676837,-1.6258314845202415,1.0
0.0971382039731874,-3.504378819570425,1.0
3.801590822541256,5.259907721578892,0.0
3.4562836683257196,2.334429786944333,0.0
4.3696732060617425,2.3052602740102026,0.0
1.3791512396146108,3.1381505957792823,0.0
2.714547011154763,2.8271259939930538,0.0
-1.605482615246793,-2.497129143490131,1.0
-4.181276681705361,-3.423768610355137,1.0
2.422972338670535,2.6937110874311676,0.0
2.953880849002897,3.168920272526924,0.0
-2.8666406578321277,-5.106682087081364,1.0
-4.028698826157416,-3.8477324092350305,1.0
2.3433257760681316,4.756414274379443,0.0
0.03935691218530968,1.5246916855523116,1.0
2.110911672149186,0.561758703707449,0.0
-3.8552204451583725,-2.234088096293357,1.0
-0.527726783145237,-6.649504577221075,1.0
4.994626079679939,2.5812547962027454,0.0
2.871875681099033,3.1471576967214228,0.0
-3.9736637618223196,-2.5657540077646392,1.0
-2.4135835812794046,-2.1393701960091387,1.0
-1.8880494348482015,-3.3186953264080303,1.0
0.3350427818589945,-1.1298593177995995,1.0
-5.021950924755625,-3.7369002537701177,1.0
2.3165513157763247,3.971569568762273,0.0
-1.7951295183858456,0.553755110449444,1.0
2.545269188823302,1.798362215036942,0.0
-5.524673781607499,-2.7754005478355595,1.0
4.811787828553602,4.37059617280957,0.0
1.6491467278127545,4.073286167750313,0.0
2.843655007147976,2.8539842069806776,0.0
-1.8075046857945667,-3.7306616211983346,1.0
3.5503456784837297,4.5566441767548795,0.0
4.38119844832158,3.8730653596095075,0.0
2.2265297839070213,3.5352475875343243,0.0
4.17263785846148,3.385758446659551,0.0
3.3660437737796656,3.269268216260576,0.0
-2.627890241294712,-1.3007032478818756,1.0
3.7887953949151454,2.2716262350831586,0.0
-1.731296112121861,-2.694873638633834,1.0
4.556940671188434,2.190472042644947,0.0
4.048539747122786,3.828748745733171,0.0
2.5354820115869035,3.080001101832022,0.0
-4.02466758348031,-3.0920517150326203,1.0
1.549091991975163,3.7847814207225294,0.0
-2.4571810709218336,-3.1992009651209923,1.0
2.1429603184465855,4.528224186025722,0.0
-4.596179844691451,-3.693478382450947,1.0
3.5801874384148937,2.655838230268634,0.0
-3.0243174211848842,-2.9306399272886057,1.0
3.375522373637465,4.830068496635223,0.0
0.63679422172584,1.6015077543422782,1.0
2.8624627128354727,3.6484326450151645,0.0
4.159440476398798,3.7043796736784365,0.0
1.1815934894170936,1.481427935728977,0.0
2.1363727981440945,2.95362186729269,0.0
-0.8067004757979848,-2.8136404107712623,1.0
-6.3995090607045135,-4.181850512564058,1.0
-5.158237219309594,-1.344643643004175,1.0
2.932127846553523,4.130903987550706,0.0
1.0590838165772052,3.6047757692983478,0.0
2.6362748686706428,2.6011713901993696,0.0
3.801035736968429,2.2720000978315706,0.0
2.079038647035709,2.484126746789061,0.0
-4.841050367795027,-0.343458516879779,1.0
-2.6425712114378834,-2.042229226557474,1.0
-3.9090668951032184,-2.709237245673551,1.0
1.9923140680321167,2.5327797253557836,0.0
5.02024544553754,3.305832443365947,0.0
4.566466459711956,2.8768056027598843,0.0
2.0189864022901434,1.3939840885964019,0.0
3.1903120601545716,3.585202893884599,0.0
-1.410005006503863,-0.28000565516866205,1.0
3.5287726952391307,2.8713494727398152,0.0
-5.3489130027607565,-4.6039999044532385,1.0
-1.5974243208566192,-2.2459226100287593,1.0
3.0232940599429807,3.5334507786787683,0.0
-3.353157697834872,-4.897081552411612,1.0
-2.438271943611015,-2.792376247915081,1.0
2.7690427901047774,2.352957113165064,0.0
1.6388465760007151,3.469088794056007,0.0
-1.509000029075582,-2.9773985605545663,1.0
-4.948596522297269,-3.000919229424495,1.0
2.8486120628815557,1.8818557616843563,0.0
3.3802339798735774,3.1984920427588532,0.0
3.0837582256818736,2.689131536151957,0.0
2.461302721999677,4.464232248530252,0.0
3.8874687675753514,3.471136576938707,0.0
-2.0112570550286906,-1.8006636777538845,1.0
1.6576185267791503,5.17715175049447,0.0
4.835830875863765,3.2299434720781797,0.0
-2.0412034011214706,-1.9696536529804474,1.0
2.955451915245623,2.6954724771567107,0.0
3.9049875876383977,3.541645391507605,0.0
1.8160918119055418,3.6789521486237087,0.0
-3.3477218882334654,-4.3712508310908245,1.0
-3.7249761015864613,-0.6258653626133115,1.0
-0.2608887496357979,-4.010645282055793,1.0
3.1246348198415137,1.9801353938150525,0.0
2.903118060437962,1.526075849938144,0.0
-1.6601683352833234,-0.8655836551194818,1.0
-0.17197252500074311,-5.933261414309023,1.0
3.654310077538996,2.935443162166097,0.0
-5.038061641955611,-6.461605554630443,1.0
-5.627384518044936,-5.421215521798771,1.0
4.192691455491208,3.867674715795867,0.0
3.4504380066307663,0.6171687325126598,0.0
-3.2083502044097485,-0.845010565153002,1.0
-0.9044031831554284,-1.8660430199303035,1.0
-4.503773094864641,-3.76090888118377,1.0
-2.9461228356039566,-1.089461263401724,1.0
-3.630807442651043,-3.844587356175764,1.0
2.5913156730190487,1.685446718325348,0.0
-2.4114494591647486,1.9458186811583769,1.0
1.231815170979468,3.720254675292481,0.0
-3.0914916739957383,-5.145705150843369,1.0
3.2070475672440137,4.262729101571124,0.0
3.1472720805130296,2.377332943076577,0.0
3.565160320399573,4.938028610056579,0.0
-1.52750916204353,-4.883762282660122,1.0
-0.05489716779820686,2.898759075322682,0.0
3.2688734515584734,3.1601368211409997,0.0
2.7199939307262557,4.330153074916744,0.0
-2.745979485358544,0.6433586586468816,1.0
3.53962809559035,4.4206892470324775,0.0
-2.500619872263631,-2.0313916995902908,1.0
-4.721751305059525,-2.9876915266563984,1.0
4.493847043710423,4.217369801588902,0.0
-4.481790534415495,-7.078633512557039,1.0
-3.700254894267118,-6.239981401117328,1.0
-3.3694230021431486,-2.2696482046230866,1.0
3.583723389427389,2.7690318027994665,0.0
4.282696456056211,2.2195147488534093,0.0
3.0978473932662087,4.325089226600943,0.0
-4.822572039902363,0.6636672275207784,1.0
-1.5333132251140937,-1.756285099356145,1.0
-4.260158289796311,-4.690291771006201,1.0
2.402224058415144,5.154577397289145,0.0
-1.2732448839500279,0.2791047486935172,1.0
2.5179292086841274,4.280073602372857,0.0
-1.4334326440848677,-1.6385201092658788,1.0
-0.4710626873541055,-1.0625402356476392,1.0
-1.6711482713955212,-4.363594471581541,1.0
-0.5969195882894556,-6.32498176711374,1.0
-3.1625195774486006,-2.2493838989053594,1.0
-1.7502710616073844,0.538306522480966,1.0
3.09907138261218,2.021967554200038,0.0
-4.330337217869465,-3.9258018135911,1.0
-0.8930130136196635,-2.6623507343373145,1.0
-3.6709651156101715,0.5294731069333634,1.0
3.9571204014407995,3.62843595019204,0.0
3.6064326451067816,0.9872329285704842,0.0
3.1582381199730554,2.81114773060768,0.0
3.301754319917764,2.442121776169216,0.0
2.684074323747363,4.129942531081394,0.0
-0.15137571320292187,-1.3323980299316156,1.0
-0.6240898107747923,-5.947505608522048,1.0
5.395984697374004,4.8623103804999035,0.0
4.315809212488974,1.5285177366686307,0.0
-2.6244030565045895,-4.189500873327801,1.0
2.678071719540796,5.419895156315691,0.0
-5.399847098727694,-3.124004390119847,1.0
2.573095187885296,2.5893151988243863,0.0
-3.0187344531004534,-4.766472570488155,1.0
-3.604967617602867,-1.66078518751099,1.0
4.207727918518284,3.5782867018723015,0.0
-2.7601500551543516,-3.9400389334972874,1.0
-1.5060700401408542,-3.705405963760676,1.0
-2.2283968729381827,-2.385839701468812,1.0
2.0680494944036774,4.618161101314044,0.0
1.603740653657161,3.489219158773237,0.0
-4.287608079215921,-5.615010220780675,1.0
3.3795336422228752,5.447076208386651,0.0
-4.918254926352983,-3.1606270549595505,1.0
-3.307633832480408,-2.2790428793275694,1.0
4.793410818778001,4.296195865713389,0.0
2.8053393466861407,3.0397706401006506,0.0
-3.152093916095384,0.7069322660659689,1.0
-4.657755528110205,-3.676892164794678,1.0
1.9298969727363158,1.0028166543061108,0.0
-3.5595770708777437,-2.5117932542402133,1.0
-2.202208330495391,0.010170934230671502,1.0
-4.302165236607246,-7.890852242504948,1.0
3.056876609520608,3.170825900479545,0.0
3.5783923991846884,2.7528091534976893,0.0
-4.440702358203438,-0.12843068759937415,1.0
3.8390834309896995,2.3683788398373524,0.0
4.1711638140703435,3.6735636302896824,0.0
3.5713183520007084,2.6457270189247892,0.0
2.7772638403061363,2.5385138211047837,0.0
3.9311533572663313,3.736804733809951,0.0
4.114758705386619,4.337779317139059,0.0
-3.7535668503214112,-4.458672124480946,1.0
-2.71622614295945,-6.141217923981554,1.0
1.5751976277843966,2.881415827794064,0.0
-4.297502033542152,0.8503123285931031,1.0
-1.899435514281261,-6.113800020831945,1.0
3.382094667369959,3.146607515040521,0.0
-4.644893125810722,-4.054357182309106,1.0
-3.3207952759401205,-2.920077601784019,1.0
-6.125070918810703,-2.761222648347722,1.0
-4.40891346531301,0.5085672920062119,1.0
3.616394785646738,1.3415505085861719,0.0
2.948862669492702,2.474901641728926,0.0
3.0818035268130637,1.7182694289016285,0.0
-2.604383849191596,-2.264563259983516,1.0
-2.8177673441676405,-2.345873992088395,1.0
-1.9083323549393163,-3.790164429696445,1.0
-1.1476784734444656,-0.2718655743713878,1.0
-1.829722841344326,-5.086590668865219,1.0
1.954243842425686,2.0704401322613517,0.0
2.2931481984831974,2.918944613292597,0.0
2.8650868649202312,3.4600653418934484,0.0
-2.8457866342271947,-4.173135471377924,1.0
4.619019196333072,2.5175807446477867,0.0
4.218757116363527,3.2908053134156603,0.0
-0.5600026163933443,-3.420270761897279,1.0
-4.253804359019183,-0.6889120200640364,1.0
4.259761765001363,2.093741593422586,0.0
-3.9067361423682674,-1.1434837199968697,1.0
2.421925342940964,1.895418978587192,0.0
-3.2354040172560414,-7.1466496720079125,1.0
2.0862428625099185,3.241245141197659,0.0
3.2485867210323986,3.7855670418590917,0.0
3.5696868967528346,2.3155872150872896,0.0
1.8096693094380336,3.426140844905124,0.0
3.48404376182898,3.820446685963451,0.0
-2.068611543734925,-3.0462492282346423,1.0
-1.3964123072878822,-1.3657247830113932,1.0
0.6111170045688517,-3.2547752714888953,1.0
-2.886017863011652,-3.9159967406660883,1.0
-3.031163692704722,-4.61343269495294,1.0
-4.348397039622354,-3.0388771633685825,1.0
4.299124553487753,3.257727060099084,0.0
1.6839469406227243,2.737709992810556,0.0
4.419716385162327,4.584005673610218,0.0
-2.153633746769799,0.8433074486876069,1.0
4.175958705170041,2.8208857007437746,0.0
-3.4180934188068632,-5.759870215593338,1.0
-4.119828582025332,4.244039389599924,1.0
3.282071190424488,2.353347905237352,0.0
1.9447813306118584,2.2687585133211003,0.0
-3.353856681859199,0.08771457168689878,1.0
-2.91209288150612,-1.8141501742675414,1.0
2.4227408693850068,2.2933631406418566,0.0
-2.677430788084767,-0.7322407370479684,1.0
2.193438757217041,3.8754666077058824,0.0
-3.1838189579472473,-4.385214942621024,1.0
2.2611021797925597,5.4840253832547425,0.0
-0.7848316010149925,-3.9160782562639134,1.0
3.74451711967279,2.7183487414976275,0.0
3.324641634091038,2.36468021012112,0.0
2.2682576430028334,4.24017936438198,0.0
3.1584574494433237,3.4720832882594097,0.0
1.6284825701896866,3.5421952265060814,0.0
-3.382514093687891,-5.421678197822807,1.0
3.6683778139004355,3.0125225384600847,0.0
-0.8396762124500521,-4.029312564777752,1.0
-3.601335703330093,0.9109162778444828,1.0
2.700814627973402,3.5660090333447414,0.0
-3.014427909043783,-7.615331091155837,1.0
4.0581936685664,3.945592984136714,0.0
2.172432120762969,3.158541224121552,0.0
3.7970110792773633,2.729479585306011,0.0
4.899224900379421,3.5113541258982193,0.0
-2.5922749510163374,-4.123501001658122,1.0
-2.5004827534616685,-2.396398839398462,1.0
4.160897925892158,0.8635579062527659,0.0
2.0823971532084733,4.1145336416313185,0.0
-5.23765905881034,-2.8352687443982783,1.0
3.5257343698266927,4.587201902965109,0.0
-3.550308697779465,-5.195302991215515,1.0
2.3147236341298507,2.2746160706592153,0.0
3.3190740728927484,1.9971555386612467,0.0
-2.64779431771797,-0.5643936627645667,1.0
2.4554750501182023,-0.19823067060593802,0.0
-3.011720374632943,-4.514717681611967,1.0
3.8232485659447377,2.7112051117526152,0.0
-4.398274234970239,-5.016617993135316,1.0
-3.9291812744764405,1.431484943098143,1.0
2.1042955104423404,2.755956591653663,0.0
-5.761095135727077,-0.5485710147391685,1.0
-2.5733018363021776,-3.981459957668802,1.0
-3.4456543160452395,-2.772675940737805,1.0
2.031946909334169,3.5728387235842627,0.0
-4.3563168893215325,-1.9263880875184114,1.0
-1.5170157744602188,0.5845082469697074,1.0
2.073646657558877,4.806426605549716,0.0
-2.5812414100463235,-0.4807836166855588,1.0
-3.2229438162494475,-3.4310154280315572,1.0
-3.8233425695113388,-4.56302190355013,1.0
-4.897212838856209,-3.34294772439727,1.0
3.9675061618941014,3.720122559870429,0.0
-1.8478618484828708,-0.7134740552681396,1.0
-3.5235282035159963,-2.814765918844201,1.0
-0.5789140033785078,-4.181688257318853,1.0
1.358014533987957,4.405588617818307,0.0
3.7010517032267862,2.9453647214600163,0.0
-5.943834529974453,-3.645518165279488,1.0
-4.816936653860384,-4.0839352310249355,1.0
-3.603652942165227,-9.20387040121122,1.0
2.3916279632109534,1.9475891418574878,0.0
3.9087095826149683,1.6739565952189912,0.0
1.8691754221581605,4.046829816739915,0.0
3.7422024555009568,3.4215195423362896,0.0
-4.50972465797933,-3.2993618630761676,1.0
2.6463029368603332,1.1059103167636346,0.0
-0.7750663993824398,-1.3496641107869987,1.0
0.48718648384477037,1.4286971647032143,0.0
-4.7949073391545864,-1.1040489849915043,1.0
-4.262853695674931,-2.336767852736601,1.0
-3.589278962614097,-5.585438733141845,1.0
2.4163579987789445,4.590174481378513,0.0
2.7078241067438453,2.5165380111145406,0.0
-2.7300287071680813,-3.833087496603342,1.0
-2.750096463089419,-0.7890898084635092,1.0
-4.957279822449993,-4.059539170282499,1.0
-1.7584322104215104,-4.078936079320407,1.0
4.700811997933995,3.0144012272552287,0.0
2.308254261343837,2.7190586588337267,0.0
3.156566053498966,1.4987350815876122,0.0
3.234026253293221,2.507096127683086,0.0
-3.877460888956869,1.3745204703807952,1.0
-3.793201228123146,-4.162221655715198,1.0
3.281656056196596,1.9499101349515546,0.0
1.0461414827579896,-3.6824288080075034,1.0
-5.784049641808677,-5.043747394895893,1.0
1.16880692287287,2.5584636080992977,0.0
2.7310440920370143,3.579910104147577,0.0
1.3657446909621742,4.341295829848506,0.0
-2.1195213475236794,-2.5285992063310703,1.0
-3.6444584212361555,-5.25024740224854,1.0
-3.2604519678157495,-5.0867665944897205,1.0
-2.9920022247726403,-2.73606668117296,1.0
-4.6303119657127265,-9.70449518580255,1.0
-2.3415508318119906,-4.36598563676804,1.0
2.271691411555021,4.228664118381154,0.0
3.308807858580943,1.7543963583177526,0.0
3.0001312840215784,2.437944671963476,0.0
2.586525209390662,3.355627369935621,0.0
-4.308668185577407,-5.367776418166623,1.0
3.768640930742588,4.120122887164879,0.0
4.982358683702123,4.169647636880706,0.0
0.3148008076596329,-0.606861279441901,1.0
-3.183327429691217,-3.3673637427576715,1.0
-3.118628960125733,-4.856670434203375,1.0
3.471321283165265,3.854445068750697,0.0
2.1924890230887786,2.6541211260134787,0.0
2.758049600311509,2.81914807926799,0.0
0.24613385102636132,-1.458876238116693,1.0
-3.071544956319103,-2.73202125044307,1.0
-4.578260870531393,-2.151698821962566,1.0
3.446999477890778,2.3511937530237836,0.0
3.4196180347841807,3.463714649197898,0.0
-3.0207263796258044,1.2562160579164408,1.0
2.896687840283409,2.7177717250068043,0.0
1.242239380533001,1.6351477140725554,0.0
-1.1797440165866102,-0.9576818100268838,1.0
-1.8289140880806085,-2.093554968050963,1.0
2.435443433712665,2.052422886155504,0.0
4.102942067240714,2.890717650415377,0.0
2.537409934328828,2.9065150120430268,0.0
3.464340574373119,2.4790321719396107,0.0
3.919210228222031,1.2088171004876427,0.0
2.4720380725722775,3.6217462126796036,0.0
-1.802574109886248,-0.17364803673934404,1.0
2.901515113905166,0.04142930940397438,0.0
1.2650837368383707,3.173103916656125,0.0
-2.1364568390847927,-3.1111459597855253,1.0
4.376204898011926,3.188128262698739,0.0
1.9897110526943502,5.103453513991374,0.0
2.282012450798822,1.4023338837890629,0.0
-1.71428481332433,-8.262496589722486,1.0
4.5969389640567595,2.214618157074325,0.0
-6.12002261943644,-7.369232633615021,1.0
-4.327876510356854,-0.8846004259790439,1.0
-4.3263857160608605,-4.591909408933236,1.0
-2.7047103834965185,-4.601576629961487,1.0
3.040570232359299,2.8939003644396104,0.0
4.850749899163312,3.06138567784555,0.0
-3.29263932136819,-1.419836854963423,1.0
3.916175880299126,2.384836903444032,0.0
4.388666278338119,2.1453948082827647,0.0
-2.652760623664932,-6.0244036338730735,1.0
-2.868325217290519,-1.782936454672554,1.0
2.687996794987284,1.2308363532010351,0.0
3.131693850097321,2.5737801530728963,0.0
2.1604532843989586,3.0453338961702436,0.0
4.092882920454519,2.5285075277005307,0.0
-2.506302155651711,-5.702476222242485,1.0
2.917386665965277,3.209288368559254,0.0
3.6976310256286893,3.056270825224892,0.0
2.0449594357613763,1.7748525326223235,0.0
-1.6362147149406594,-4.5102511414463855,1.0
-4.23708537672186,-1.3682710664195905,1.0
4.156128534155547,2.328439169775214,0.0
-4.403670928619408,-4.5835182393160006,1.0
3.2615925685258245,2.915091863126527,0.0
1.9215652170107598,3.6105569579606644,0.0
-1.0943575730923198,-4.95285938891027,1.0
-3.550095263729802,-4.505523885456994,1.0
2.800963998067937,3.921446714286075,0.0
-4.4439883922310575,-3.605477561562128,1.0
0.042131253808403546,0.2676830342617027,1.0
-4.993953584607987,-2.450151083485202,1.0
2.699213053940045,3.0369891503805793,0.0
-4.8212888251181845,-0.9845918394032291,1.0
3.194516167571991,3.5314091291225633,0.0
-1.4931138789880916,-6.451328443010009,1.0
-5.149112458903501,-5.371365644697555,1.0
4.234058955392549,4.000687138900545,0.0
-5.464899757662298,-1.4554727304991173,1.0
3.125315788269722,4.509655826923941,0.0
-2.4905298935357996,-2.4223241101389705,1.0
2.6975874740606103,3.097214020624458,0.0
-2.573652885522202,-0.5713673706884155,1.0
-2.4646022766698144,1.4272338406236669,1.0
3.4483368708370095,2.5774910652946668,0.0
-2.828537440381456,-6.007592026828478,1.0
-2.0239092874710662,-6.970114485096667,1.0
2.2199177479087315,1.405868632819855,0.0
-3.5657644641835358,-4.282000462199333,1.0
-4.858005629773162,-3.8090056717255942,1.0
3.6060788719911674,4.002879554488537,0.0
-4.992018545274367,-5.573301772235476,1.0
2.642032478660091,3.978452952077315,0.0
-2.8443700750133,0.0013951530238829335,1.0
3.7390920435217616,4.103940466621888,0.0
1.3795426391559535,2.7123269694381156,0.0
-1.733176158320322,-4.07430455884093,1.0
-1.7442184245950356,-3.723291536618383,1.0
-3.819337378213172,-3.893944800884914,1.0
3.3470077539508742,1.7820742752120065,0.0
1.888455356049106,3.0529602713994657,0.0
-4.044177505777285,-6.416961397941622,1.0
2.6138586794784633,0.8736507548009524,0.0
-2.1860944420114357,-5.763628137394425,1.0
3.7588706944483112,2.8775140418288876,0.0
-2.5946997808021774,-4.457331096978429,1.0
-2.92301089378367,-2.973862275883983,1.0
3.24358278816175,3.522029984492855,0.0
-2.9491892298112017,-7.796479565443134,1.0
3.838550236320972,2.777148290045655,0.0
2.301265455674651,3.020099591183652,0.0
3.7882801163636626,4.48901163366808,0.0
1.983546507484494,3.3466888179383374,0.0
3.549186376250236,3.9783209199012797,0.0
2.730099845824227,3.6401523866686722,0.0
-1.2077843584351584,-3.014919484370713,1.0
-2.086105331561377,-2.2625635124847325,1.0
-4.1544904462707715,-3.5569066548534947,1.0
-2.543650296108928,-3.3132194049104804,1.0
4.063887418535016,3.431638878675672,0.0
2.9652256540132687,4.467736609252125,0.0
2.757546071630959,3.572179719756987,0.0
-2.9261922302511616,1.5273804201502372,1.0
-6.119000687887466,-4.942023194071463,1.0
3.3550756866423934,3.5594679070136763,0.0
2.4981839731757924,3.044358149767149,0.0
-2.3703146214470667,-4.208247976115425,1.0
-2.4970338696474497,-3.8314451343803055,1.0
1.0065915979333762,1.4613069381220163,0.0
-2.9349360710622996,-4.839394175467199,1.0
3.2468407938531243,3.6855012961568905,0.0
5.608433303912504,1.4061188065261125,0.0
1.2468990564202398,2.4026569633923263,0.0
-3.592609285903516,-2.1638416393504265,1.0
-4.326971710572948,0.43730915751369936,1.0
-5.128052665775243,0.08064218363080844,1.0
-2.6333208161245234,-1.049304697965102,1.0
-2.786489225010438,0.1594876607443747,1.0
2.4182795145770526,3.575932263590094,0.0
1.9104818286377125,3.1059709567642697,0.0
-1.0365400779232599,-0.9341432789750703,1.0
-2.0203984859352206,0.09013516167854707,1.0
2.863964608293389,1.4957752120979395,0.0
-4.70886479408375,-3.845998080892657,1.0
4.857610449638337,2.4207845240895205,0.0
2.6917857445958897,5.4295326993953665,0.0
3.747722885252046,0.9614940088046904,0.0
3.356198352181596,2.5906035044808062,0.0
-2.8405984829454294,-2.7607429352411907,1.0
3.106198625125452,3.809688767194028,0.0
3.0432808926687893,3.5285196656320057,0.0
-2.091810124000888,-1.4893667169584925,1.0
-1.7667916940244615,-5.005291117471362,1.0
-2.5636821443249596,-5.432281329094472,1.0
3.3141961842969216,3.57131700163812,0.0
1.2505272571027723,3.203496518981985,0.0
1.3336697012716114,3.3212596526476297,0.0
-3.5311640741333794,-3.292260978626055,1.0
2.9407607379518823,2.7736576309064547,0.0
3.2185745892846316,3.2690043858375084,0.0
2.8728994392247458,4.156067658486819,0.0
4.323580985064065,2.455646624960503,0.0
4.7650287012980925,4.14171294217679,0.0
5.554316312517976,2.3381817736760797,0.0
-2.427201178870801,-6.27771495493068,1.0
3.813723560250969,4.1451155624074225,0.0
2.598826944838093,3.9308092828491126,0.0
-2.391538959281373,-3.42730274707994,1.0
2.951791108608312,3.34972568514453,0.0
-2.040948087903327,-4.027144365441209,1.0
2.07698129360747,3.305468653681713,0.0
-4.273739168457974,-0.65265934951774,1.0
-4.492229435327953,-1.2984793372870922,1.0
3.940889225418117,1.9357968665833216,0.0
0.836792766863963,3.0740542634108374,0.0
-0.9643155046404766,2.5677733879270126,0.0
-2.2605559853344372,-0.7843640242650491,1.0
3.177401886013927,2.5939052787886103,0.0
-2.11399141749786,-6.149210943332227,1.0
-4.456697595689846,-1.4726567426483483,1.0
-3.61949483012655,-4.359194884731647,1.0
0.420482344020098,3.4620030694068644,0.0
4.3312543754450505,3.0903933185408055,0.0
-3.0512886073857333,-1.8365496954015965,1.0
-0.9779745491459297,-3.2040092683633734,1.0
-4.829052128736146,-5.694626602691336,1.0
-4.027969687232346,-1.4390645780526523,1.0
2.3144712407116934,2.2119888231131957,0.0
3.291727127647669,1.890610751243878,0.0
2.4663600031097386,1.6351648429384265,0.0
3.693535279669076,1.4993309672091786,0.0
-3.7697779503932365,-2.353606981949295,1.0
-2.352401016298444,-4.020507134913441,1.0
-2.2276034631299817,-0.8274138547459193,1.0
4.717230250695108,2.0289406322807633,0.0
1.4780298390020252,3.299042889747108,0.0
2.453797023139975,2.597324201782148,0.0
3.796780925038342,2.214017764403591,0.0
3.3451626212078738,4.333963293651426,0.0
0.9147399094637985,-2.4341333423008553,1.0
-4.108311174090079,-4.657697994787023,1.0
3.587326872913308,1.6048788105786875,0.0
2.159514679438393,2.195447185470025,0.0
-5.757482409693768,-2.88593484135432,1.0
-2.3755388342525525,-4.808175527425808,1.0
-2.6557221889253597,-2.4470920167355628,1.0
-5.328751966696388,-0.11234297062416276,1.0
-1.8834926579233764,-3.5848830183774156,1.0
2.993600969453769,4.82837179740354,0.0
-5.930976468701582,-4.228257027211207,1.0
-2.0083615942481785,-8.07096382795941,1.0
4.575480029929994,5.267949180784671,0.0
-2.6038827493416745,-3.5980891878168104,1.0
-3.8796318175935522,-2.8447818535871194,1.0
5.444427164488528,4.008887860299598,0.0
-2.04673392051102,0.4804833407343727,1.0
-2.6974956265828016,-1.7766826163453686,1.0
-4.07941594972297,-3.753462993060295,1.0
1.6307043663975753,3.874481559664936,0.0
1.3333694994523317,2.752901291453269,0.0
-1.9724272865056176,-6.1118240574510185,1.0
-3.0010155149635636,-3.381538343760138,1.0
0.052049667486699924,-0.5569257788325856,1.0
2.295424871457772,2.5387729974918276,0.0
1.7928135530327902,1.5571996819131497,0.0
4.15753532461881,2.531326916053408,0.0
3.174271986908923,2.6300442875073373,0.0
1.675790228737835,2.425478455934581,0.0
-2.759319617807969,-4.143430135007913,1.0
3.669074577744336,4.369276823014768,0.0
1.2386488520802577,4.419007678827398,0.0
-3.022431099192043,0.04391231073902535,1.0
2.0616330540907266,0.8566309499819109,0.0
2.2395003200375596,2.9831717985616555,0.0
-4.366430630895582,-4.420059834285447,1.0
3.8992556997122976,2.027754909653772,0.0
-3.714672019970543,-3.43278269064158,1.0
-2.6617943123754797,-4.965583239792146,1.0
3.1868746352616473,2.9546405221896888,0.0
